[
    {
        "related_papers": [],
        "cited_papers": [
            {
                "related_papers": [],
                "cited_papers": [],
                "paper_url": "https://proceedings.neurips.cc/paper_files/paper/2023/hash/525d24400247f884c3419b0b7b1c4829-Abstract-Conference.html",
                "paper_title": "Segment anything in 3d with nerfs",
                "publication_year": "2023",
                "citation_count": 61
            },
            {
                "related_papers": [],
                "cited_papers": [],
                "paper_url": "https://arxiv.org/abs/2308.09713",
                "paper_title": "Dynamic 3d gaussians: Tracking by persistent dynamic view synthesis",
                "publication_year": "2023",
                "citation_count": 114
            },
            {
                "related_papers": [],
                "cited_papers": [],
                "paper_url": "https://arxiv.org/abs/2310.08528",
                "paper_title": "4d gaussian splatting for real-time dynamic scene rendering",
                "publication_year": "2023",
                "citation_count": 119
            },
            {
                "related_papers": [],
                "cited_papers": [],
                "paper_url": "http://openaccess.thecvf.com/content/ICCV2023/html/Chen_NeuRBF_A_Neural_Fields_Representation_with_Adaptive_Radial_Basis_Functions_ICCV_2023_paper.html",
                "paper_title": "Neurbf: A neural fields representation with adaptive radial basis functions",
                "publication_year": "2023",
                "citation_count": 22
            },
            {
                "related_papers": [],
                "cited_papers": [],
                "paper_url": "https://arxiv.org/abs/2310.08529",
                "paper_title": "Gaussiandreamer: Fast generation from text to 3d gaussian splatting with point cloud priors",
                "publication_year": "2023",
                "citation_count": 62
            },
            {
                "related_papers": [],
                "cited_papers": [],
                "paper_url": "http://openaccess.thecvf.com/content/ICCV2023/html/Prokudin_Dynamic_Point_Fields_ICCV_2023_paper.html",
                "paper_title": "Dynamic point fields",
                "publication_year": "2023",
                "citation_count": 9
            },
            {
                "related_papers": [],
                "cited_papers": [],
                "paper_url": "https://arxiv.org/abs/2309.13101",
                "paper_title": "Deformable 3d gaussians for high-fidelity monocular dynamic scene reconstruction",
                "publication_year": "2023",
                "citation_count": 72
            },
            {
                "related_papers": [],
                "cited_papers": [],
                "paper_url": "https://arxiv.org/abs/2310.10642",
                "paper_title": "Real-time photorealistic dynamic scene representation and rendering with 4d gaussian splatting",
                "publication_year": "2310",
                "citation_count": 41
            },
            {
                "related_papers": [],
                "cited_papers": [],
                "paper_url": "http://openaccess.thecvf.com/content/ICCV2023/html/Yi_Canonical_Factors_for_Hybrid_Neural_Fields_ICCV_2023_paper.html",
                "paper_title": "Canonical factors for hybrid neural fields",
                "publication_year": "2023",
                "citation_count": 6
            },
            {
                "related_papers": [],
                "cited_papers": [],
                "paper_url": "http://openaccess.thecvf.com/content/CVPR2023/html/Zheng_EditableNeRF_Editing_Topologically_Varying_Neural_Radiance_Fields_by_Key_Points_CVPR_2023_paper.html",
                "paper_title": "Editablenerf: Editing topologically varying neural radiance fields by key points",
                "publication_year": "2023",
                "citation_count": 16
            }
        ],
        "paper_url": "https://sgvr.kaist.ac.kr/~sungeui/ICG/Students/%5BCS482%5D%203D%20Gaussian%20Splatting%20for%20Real-Time%20Radiance%20Field%20Rendering.pdf",
        "paper_title": "3d gaussian splatting for real-time radiance field rendering",
        "publication_year": "2023",
        "citation_count": 628
    },
    {
        "related_papers": [],
        "cited_papers": [
            {
                "related_papers": [],
                "cited_papers": [],
                "paper_url": "https://proceedings.neurips.cc/paper_files/paper/2023/hash/c47ec10bc135be5c3663ba344d29a6a5-Abstract-Conference.html",
                "paper_title": "ReTR: Modeling Rendering Via Transformer for Generalizable Neural Surface Reconstruction",
                "publication_year": "2024",
                "citation_count": 1
            },
            {
                "related_papers": [],
                "cited_papers": [],
                "paper_url": "https://arxiv.org/abs/2305.18832",
                "paper_title": "Rethinking rendering in generalizable neural surface reconstruction: A learning-based solution",
                "publication_year": "2305",
                "citation_count": 2
            },
            {
                "related_papers": [],
                "cited_papers": [],
                "paper_url": "https://arxiv.org/abs/2403.11789",
                "paper_title": "EMIE-MAP: Large-Scale Road Surface Reconstruction Based on Explicit Mesh and Implicit Encoding",
                "publication_year": "2024",
                "citation_count": 1
            },
            {
                "related_papers": [],
                "cited_papers": [],
                "paper_url": "https://openaccess.thecvf.com/content/WACV2024/html/Chang_Fast_Sun-Aligned_Outdoor_Scene_Relighting_Based_on_TensoRF_WACV_2024_paper.html",
                "paper_title": "Fast Sun-aligned Outdoor Scene Relighting based on TensoRF",
                "publication_year": "2024",
                "citation_count": 1
            },
            {
                "related_papers": [],
                "cited_papers": [],
                "paper_url": "https://arxiv.org/abs/2404.00714",
                "paper_title": "Neural Radiance Field-based Visual Rendering: A Comprehensive Review",
                "publication_year": "2024",
                "citation_count": null
            },
            {
                "related_papers": [],
                "cited_papers": [],
                "paper_url": "https://link.springer.com/chapter/10.1007/978-3-031-43153-1_9",
                "paper_title": "CarPatch: A Synthetic Benchmark for\u00a0Radiance Field Evaluation on\u00a0Vehicle Components",
                "publication_year": "2023",
                "citation_count": 1
            },
            {
                "related_papers": [],
                "cited_papers": [],
                "paper_url": "https://ieeexplore.ieee.org/abstract/document/10375755/",
                "paper_title": "Reconstruction of Neural Radiance Fields With Vivid Scenes in the Metaverse",
                "publication_year": "2023",
                "citation_count": null
            },
            {
                "related_papers": [],
                "cited_papers": [],
                "paper_url": "https://ieeexplore.ieee.org/abstract/document/10428424/",
                "paper_title": "Geometric-Aware Facial Landmark Emotion Recognition",
                "publication_year": "2023",
                "citation_count": null
            },
            {
                "related_papers": [],
                "cited_papers": [],
                "paper_url": "https://ieeexplore.ieee.org/abstract/document/10451523/",
                "paper_title": "Jump-NERF: An Approach to Removing Glare and Pseudo Shadows Caused by Glass in Architectural Spaces",
                "publication_year": "2023",
                "citation_count": null
            }
        ],
        "paper_url": "http://openaccess.thecvf.com/content/CVPR2023/html/Tang_ABLE-NeRF_Attention-Based_Rendering_With_Learnable_Embeddings_for_Neural_Radiance_Field_CVPR_2023_paper.html",
        "paper_title": "ABLE-NeRF: attention-based rendering with learnable embeddings for neural radiance field",
        "publication_year": "2023",
        "citation_count": 9
    },
    {
        "related_papers": [],
        "cited_papers": [
            {
                "related_papers": [],
                "cited_papers": [],
                "paper_url": "https://arxiv.org/abs/2210.00379",
                "paper_title": "Nerf: Neural radiance field in 3d vision, a comprehensive review",
                "publication_year": "2210",
                "citation_count": 107
            },
            {
                "related_papers": [],
                "cited_papers": [],
                "paper_url": "http://openaccess.thecvf.com/content/CVPR2023/html/Deitke_Objaverse_A_Universe_of_Annotated_3D_Objects_CVPR_2023_paper.html",
                "paper_title": "Objaverse: A universe of annotated 3d objects",
                "publication_year": "2023",
                "citation_count": 316
            },
            {
                "related_papers": [],
                "cited_papers": [],
                "paper_url": "http://openaccess.thecvf.com/content/CVPR2023/html/Wang_F2-NeRF_Fast_Neural_Radiance_Field_Training_With_Free_Camera_Trajectories_CVPR_2023_paper.html",
                "paper_title": "F2-nerf: Fast neural radiance field training with free camera trajectories",
                "publication_year": "2023",
                "citation_count": 63
            },
            {
                "related_papers": [],
                "cited_papers": [],
                "paper_url": "http://openaccess.thecvf.com/content/CVPR2023/html/Turki_SUDS_Scalable_Urban_Dynamic_Scenes_CVPR_2023_paper.html",
                "paper_title": "Suds: Scalable urban dynamic scenes",
                "publication_year": "2023",
                "citation_count": 60
            },
            {
                "related_papers": [],
                "cited_papers": [],
                "paper_url": "http://openaccess.thecvf.com/content/CVPR2023/html/Meuleman_Progressively_Optimized_Local_Radiance_Fields_for_Robust_View_Synthesis_CVPR_2023_paper.html",
                "paper_title": "Progressively optimized local radiance fields for robust view synthesis",
                "publication_year": "2023",
                "citation_count": 45
            },
            {
                "related_papers": [],
                "cited_papers": [],
                "paper_url": "http://openaccess.thecvf.com/content/CVPR2023/html/Wang_Neural_Fields_Meet_Explicit_Geometric_Representations_for_Inverse_Rendering_of_CVPR_2023_paper.html",
                "paper_title": "Neural fields meet explicit geometric representations for inverse rendering of urban scenes",
                "publication_year": "2023",
                "citation_count": 39
            },
            {
                "related_papers": [],
                "cited_papers": [],
                "paper_url": "http://openaccess.thecvf.com/content/CVPR2023/html/Xu_Grid-Guided_Neural_Radiance_Fields_for_Large_Urban_Scenes_CVPR_2023_paper.html",
                "paper_title": "Grid-guided neural radiance fields for large urban scenes",
                "publication_year": "2023",
                "citation_count": 36
            },
            {
                "related_papers": [],
                "cited_papers": [],
                "paper_url": "http://openaccess.thecvf.com/content/CVPR2023/html/Xu_DisCoScene_Spatially_Disentangled_Generative_Radiance_Fields_for_Controllable_3D-Aware_Scene_CVPR_2023_paper.html",
                "paper_title": "Discoscene: Spatially disentangled generative radiance fields for controllable 3d-aware scene synthesis",
                "publication_year": "2023",
                "citation_count": 42
            },
            {
                "related_papers": [],
                "cited_papers": [],
                "paper_url": "https://ieeexplore.ieee.org/abstract/document/10160782/",
                "paper_title": "Loc-nerf: Monte carlo localization using neural radiance fields",
                "publication_year": "2023",
                "citation_count": 68
            },
            {
                "related_papers": [],
                "cited_papers": [],
                "paper_url": "https://www.nowpublishers.com/article/OpenAccessDownload/SIP-2022-0062",
                "paper_title": "Deep review and analysis of recent nerfs",
                "publication_year": "2023",
                "citation_count": 14
            }
        ],
        "paper_url": "https://link.springer.com/chapter/10.1007/978-3-031-19824-3_7",
        "paper_title": "Bungeenerf: Progressive neural radiance field for extreme multi-scale scene rendering",
        "publication_year": "2022",
        "citation_count": 145
    },
    {
        "related_papers": [],
        "cited_papers": [
            {
                "related_papers": [],
                "cited_papers": [],
                "paper_url": "http://openaccess.thecvf.com/content/ICCV2023/html/Li_NerfAcc_Efficient_Sampling_Accelerates_NeRFs_ICCV_2023_paper.html",
                "paper_title": "Nerfacc: Efficient sampling accelerates nerfs",
                "publication_year": "2023",
                "citation_count": 42
            },
            {
                "related_papers": [],
                "cited_papers": [],
                "paper_url": "https://dl.acm.org/doi/abs/10.1145/3588432.3591536",
                "paper_title": "Bakedsdf: Meshing neural sdfs for real-time view synthesis",
                "publication_year": "2023",
                "citation_count": 77
            },
            {
                "related_papers": [],
                "cited_papers": [],
                "paper_url": "http://openaccess.thecvf.com/content/ICCV2023/html/Tang_Delicate_Textured_Mesh_Recovery_from_NeRF_via_Adaptive_Surface_Refinement_ICCV_2023_paper.html",
                "paper_title": "Delicate textured mesh recovery from nerf via adaptive surface refinement",
                "publication_year": "2023",
                "citation_count": 49
            },
            {
                "related_papers": [],
                "cited_papers": [],
                "paper_url": "http://openaccess.thecvf.com/content/ICCV2023/html/Mirzaei_Reference-guided_Controllable_Inpainting_of_Neural_Radiance_Fields_ICCV_2023_paper.html",
                "paper_title": "Reference-guided controllable inpainting of neural radiance fields",
                "publication_year": "2023",
                "citation_count": 16
            },
            {
                "related_papers": [],
                "cited_papers": [],
                "paper_url": "http://openaccess.thecvf.com/content/ICCV2023/html/Kulhanek_Tetra-NeRF_Representing_Neural_Radiance_Fields_Using_Tetrahedra_ICCV_2023_paper.html",
                "paper_title": "Tetra-nerf: Representing neural radiance fields using tetrahedra",
                "publication_year": "2023",
                "citation_count": 19
            },
            {
                "related_papers": [],
                "cited_papers": [],
                "paper_url": "https://arxiv.org/abs/2309.16585",
                "paper_title": "Text-to-3d using gaussian splatting",
                "publication_year": "2309",
                "citation_count": 62
            },
            {
                "related_papers": [],
                "cited_papers": [],
                "paper_url": "http://openaccess.thecvf.com/content/ICCV2023/html/Yi_Canonical_Factors_for_Hybrid_Neural_Fields_ICCV_2023_paper.html",
                "paper_title": "Canonical factors for hybrid neural fields",
                "publication_year": "2023",
                "citation_count": 6
            },
            {
                "related_papers": [],
                "cited_papers": [],
                "paper_url": "https://arxiv.org/abs/2304.12294",
                "paper_title": "Explicit correspondence matching for generalizable neural radiance fields",
                "publication_year": "2023",
                "citation_count": 17
            },
            {
                "related_papers": [],
                "cited_papers": [],
                "paper_url": "https://openaccess.thecvf.com/content/ICCV2023/html/Jiang_Coordinate_Quantized_Neural_Implicit_Representations_for_Multi-view_Reconstruction_ICCV_2023_paper.html",
                "paper_title": "Coordinate quantized neural implicit representations for multi-view reconstruction",
                "publication_year": "2023",
                "citation_count": 5
            },
            {
                "related_papers": [],
                "cited_papers": [],
                "paper_url": "https://www.mdpi.com/2072-4292/15/14/3585",
                "paper_title": "A critical analysis of NeRF-based 3d reconstruction",
                "publication_year": "2023",
                "citation_count": 17
            }
        ],
        "paper_url": "https://dl.acm.org/doi/abs/10.1145/3592426",
        "paper_title": "Merf: Memory-efficient radiance fields for real-time view synthesis in unbounded scenes",
        "publication_year": "2023",
        "citation_count": 94
    },
    {
        "related_papers": [],
        "cited_papers": [
            {
                "related_papers": [],
                "cited_papers": [],
                "paper_url": "https://arxiv.org/abs/2210.00379",
                "paper_title": "Nerf: Neural radiance field in 3d vision, a comprehensive review",
                "publication_year": "2210",
                "citation_count": 107
            },
            {
                "related_papers": [],
                "cited_papers": [],
                "paper_url": "https://sgvr.kaist.ac.kr/~sungeui/ICG/Students/%5BCS482%5D%203D%20Gaussian%20Splatting%20for%20Real-Time%20Radiance%20Field%20Rendering.pdf",
                "paper_title": "3d gaussian splatting for real-time radiance field rendering",
                "publication_year": "2023",
                "citation_count": 628
            },
            {
                "related_papers": [],
                "cited_papers": [],
                "paper_url": "https://dl.acm.org/doi/abs/10.1145/3592415",
                "paper_title": "Humanrf: High-fidelity neural radiance fields for humans in motion",
                "publication_year": "2023",
                "citation_count": 59
            },
            {
                "related_papers": [],
                "cited_papers": [],
                "paper_url": "https://dl.acm.org/doi/abs/10.1145/3592426",
                "paper_title": "Merf: Memory-efficient radiance fields for real-time view synthesis in unbounded scenes",
                "publication_year": "2023",
                "citation_count": 94
            },
            {
                "related_papers": [],
                "cited_papers": [],
                "paper_url": "http://openaccess.thecvf.com/content/ICCV2023/html/Hu_Tri-MipRF_Tri-Mip_Representation_for_Efficient_Anti-Aliasing_Neural_Radiance_Fields_ICCV_2023_paper.html",
                "paper_title": "Tri-miprf: Tri-mip representation for efficient anti-aliasing neural radiance fields",
                "publication_year": "2023",
                "citation_count": 49
            },
            {
                "related_papers": [],
                "cited_papers": [],
                "paper_url": "https://dl.acm.org/doi/abs/10.1145/3592101",
                "paper_title": "Avatarrex: Real-time expressive full-body avatars",
                "publication_year": "2023",
                "citation_count": 38
            },
            {
                "related_papers": [],
                "cited_papers": [],
                "paper_url": "http://openaccess.thecvf.com/content/CVPR2023/html/Mirzaei_SPIn-NeRF_Multiview_Segmentation_and_Perceptual_Inpainting_With_Neural_Radiance_Fields_CVPR_2023_paper.html",
                "paper_title": "SPIn-NeRF: Multiview segmentation and perceptual inpainting with neural radiance fields",
                "publication_year": "2023",
                "citation_count": 66
            },
            {
                "related_papers": [],
                "cited_papers": [],
                "paper_url": "http://openaccess.thecvf.com/content/CVPR2023/html/Peng_Representing_Volumetric_Videos_As_Dynamic_MLP_Maps_CVPR_2023_paper.html",
                "paper_title": "Representing volumetric videos as dynamic mlp maps",
                "publication_year": "2023",
                "citation_count": 28
            },
            {
                "related_papers": [],
                "cited_papers": [],
                "paper_url": "https://dl.acm.org/doi/abs/10.1145/3588432.3591536",
                "paper_title": "Bakedsdf: Meshing neural sdfs for real-time view synthesis",
                "publication_year": "2023",
                "citation_count": 77
            },
            {
                "related_papers": [],
                "cited_papers": [],
                "paper_url": "https://openaccess.thecvf.com/content/ICCV2023W/CVAMD/html/Molaei_Implicit_Neural_Representation_in_Medical_Imaging_A_Comparative_Survey_ICCVW_2023_paper.html",
                "paper_title": "Implicit neural representation in medical imaging: A comparative survey",
                "publication_year": "2023",
                "citation_count": 20
            }
        ],
        "paper_url": "http://openaccess.thecvf.com/content/CVPR2023/html/Chen_MobileNeRF_Exploiting_the_Polygon_Rasterization_Pipeline_for_Efficient_Neural_Field_CVPR_2023_paper.html",
        "paper_title": "Mobilenerf: Exploiting the polygon rasterization pipeline for efficient neural field rendering on mobile architectures",
        "publication_year": "2023",
        "citation_count": 200
    },
    {
        "related_papers": [],
        "cited_papers": [
            {
                "related_papers": [],
                "cited_papers": [],
                "paper_url": "http://openaccess.thecvf.com/content/ICCV2023/html/Barron_Zip-NeRF_Anti-Aliased_Grid-Based_Neural_Radiance_Fields_ICCV_2023_paper.html",
                "paper_title": "Zip-nerf: Anti-aliased grid-based neural radiance fields",
                "publication_year": "2023",
                "citation_count": 192
            },
            {
                "related_papers": [],
                "cited_papers": [],
                "paper_url": "http://openaccess.thecvf.com/content/CVPR2022/html/Tancik_Block-NeRF_Scalable_Large_Scene_Neural_View_Synthesis_CVPR_2022_paper.html",
                "paper_title": "Block-nerf: Scalable large scene neural view synthesis",
                "publication_year": "2022",
                "citation_count": 518
            },
            {
                "related_papers": [],
                "cited_papers": [],
                "paper_url": "https://dl.acm.org/doi/abs/10.1145/3528223.3530127",
                "paper_title": "Instant neural graphics primitives with a multiresolution hash encoding",
                "publication_year": "2022",
                "citation_count": 2195
            },
            {
                "related_papers": [],
                "cited_papers": [],
                "paper_url": "https://dl.acm.org/doi/abs/10.1145/3588432.3591516",
                "paper_title": "Nerfstudio: A modular framework for neural radiance field development",
                "publication_year": "2023",
                "citation_count": 255
            },
            {
                "related_papers": [],
                "cited_papers": [],
                "paper_url": "http://openaccess.thecvf.com/content/CVPR2023/html/Chen_MobileNeRF_Exploiting_the_Polygon_Rasterization_Pipeline_for_Efficient_Neural_Field_CVPR_2023_paper.html",
                "paper_title": "Mobilenerf: Exploiting the polygon rasterization pipeline for efficient neural field rendering on mobile architectures",
                "publication_year": "2023",
                "citation_count": 200
            },
            {
                "related_papers": [],
                "cited_papers": [],
                "paper_url": "http://openaccess.thecvf.com/content/CVPR2022/html/Chan_Efficient_Geometry-Aware_3D_Generative_Adversarial_Networks_CVPR_2022_paper.html",
                "paper_title": "Efficient geometry-aware 3d generative adversarial networks",
                "publication_year": "2022",
                "citation_count": 942
            },
            {
                "related_papers": [],
                "cited_papers": [],
                "paper_url": "http://openaccess.thecvf.com/content/CVPR2022/html/Fridovich-Keil_Plenoxels_Radiance_Fields_Without_Neural_Networks_CVPR_2022_paper.html",
                "paper_title": "Plenoxels: Radiance fields without neural networks",
                "publication_year": "2022",
                "citation_count": 760
            },
            {
                "related_papers": [],
                "cited_papers": [],
                "paper_url": "http://openaccess.thecvf.com/content/CVPR2022/html/Barron_Mip-NeRF_360_Unbounded_Anti-Aliased_Neural_Radiance_Fields_CVPR_2022_paper.html",
                "paper_title": "Mip-nerf 360: Unbounded anti-aliased neural radiance fields",
                "publication_year": "2022",
                "citation_count": 895
            },
            {
                "related_papers": [],
                "cited_papers": [],
                "paper_url": "http://openaccess.thecvf.com/content/CVPR2023/html/Yang_UniSim_A_Neural_Closed-Loop_Sensor_Simulator_CVPR_2023_paper.html",
                "paper_title": "Unisim: A neural closed-loop sensor simulator",
                "publication_year": "2023",
                "citation_count": 78
            },
            {
                "related_papers": [],
                "cited_papers": [],
                "paper_url": "https://www.mdpi.com/2079-9292/12/1/218",
                "paper_title": "Human-computer interaction system: A survey of talking-head generation",
                "publication_year": "2023",
                "citation_count": 26
            }
        ],
        "paper_url": "https://onlinelibrary.wiley.com/doi/abs/10.1111/cgf.14340",
        "paper_title": "DONeRF: Towards Real\u2010Time Rendering of Compact Neural Radiance Fields using Depth Oracle Networks",
        "publication_year": "2021",
        "citation_count": 264
    },
    {
        "related_papers": [],
        "cited_papers": [
            {
                "related_papers": [],
                "cited_papers": [],
                "paper_url": "https://www.sciencedirect.com/science/article/pii/S1569843222001169",
                "paper_title": "Digital twin of a city: Review of technology serving city needs",
                "publication_year": "2022",
                "citation_count": 93
            },
            {
                "related_papers": [],
                "cited_papers": [],
                "paper_url": "https://arxiv.org/abs/2210.00379",
                "paper_title": "Nerf: Neural radiance field in 3d vision, a comprehensive review",
                "publication_year": "2210",
                "citation_count": 107
            },
            {
                "related_papers": [],
                "cited_papers": [],
                "paper_url": "https://sgvr.kaist.ac.kr/~sungeui/ICG/Students/%5BCS482%5D%203D%20Gaussian%20Splatting%20for%20Real-Time%20Radiance%20Field%20Rendering.pdf",
                "paper_title": "3d gaussian splatting for real-time radiance field rendering",
                "publication_year": "2023",
                "citation_count": 628
            },
            {
                "related_papers": [],
                "cited_papers": [],
                "paper_url": "https://link.springer.com/chapter/10.1007/978-3-031-19824-3_20",
                "paper_title": "Tensorf: Tensorial radiance fields",
                "publication_year": "2022",
                "citation_count": 816
            },
            {
                "related_papers": [],
                "cited_papers": [],
                "paper_url": "http://openaccess.thecvf.com/content/CVPR2023/html/Fridovich-Keil_K-Planes_Explicit_Radiance_Fields_in_Space_Time_and_Appearance_CVPR_2023_paper.html",
                "paper_title": "K-planes: Explicit radiance fields in space, time, and appearance",
                "publication_year": "2023",
                "citation_count": 210
            },
            {
                "related_papers": [],
                "cited_papers": [],
                "paper_url": "http://openaccess.thecvf.com/content/CVPR2023/html/Cao_HexPlane_A_Fast_Representation_for_Dynamic_Scenes_CVPR_2023_paper.html",
                "paper_title": "Hexplane: A fast representation for dynamic scenes",
                "publication_year": "2023",
                "citation_count": 175
            },
            {
                "related_papers": [],
                "cited_papers": [],
                "paper_url": "http://openaccess.thecvf.com/content/CVPR2022/html/Tancik_Block-NeRF_Scalable_Large_Scene_Neural_View_Synthesis_CVPR_2022_paper.html",
                "paper_title": "Block-nerf: Scalable large scene neural view synthesis",
                "publication_year": "2022",
                "citation_count": 518
            },
            {
                "related_papers": [],
                "cited_papers": [],
                "paper_url": "https://dl.acm.org/doi/abs/10.1145/3528223.3530127",
                "paper_title": "Instant neural graphics primitives with a multiresolution hash encoding",
                "publication_year": "2022",
                "citation_count": 2195
            },
            {
                "related_papers": [],
                "cited_papers": [],
                "paper_url": "http://openaccess.thecvf.com/content/CVPR2023/html/Chen_MobileNeRF_Exploiting_the_Polygon_Rasterization_Pipeline_for_Efficient_Neural_Field_CVPR_2023_paper.html",
                "paper_title": "Mobilenerf: Exploiting the polygon rasterization pipeline for efficient neural field rendering on mobile architectures",
                "publication_year": "2023",
                "citation_count": 200
            },
            {
                "related_papers": [],
                "cited_papers": [],
                "paper_url": "http://openaccess.thecvf.com/content/CVPR2022/html/Chan_Efficient_Geometry-Aware_3D_Generative_Adversarial_Networks_CVPR_2022_paper.html",
                "paper_title": "Efficient geometry-aware 3d generative adversarial networks",
                "publication_year": "2022",
                "citation_count": 942
            }
        ],
        "paper_url": "http://openaccess.thecvf.com/content/ICCV2021/html/Yu_PlenOctrees_for_Real-Time_Rendering_of_Neural_Radiance_Fields_ICCV_2021_paper.html",
        "paper_title": "Plenoctrees for real-time rendering of neural radiance fields",
        "publication_year": "2021",
        "citation_count": 789
    },
    {
        "related_papers": [],
        "cited_papers": [
            {
                "related_papers": [],
                "cited_papers": [],
                "paper_url": "https://proceedings.neurips.cc/paper_files/paper/2023/hash/767c1b5f7c03d9299e493bc9e1feeba6-Abstract-Conference.html",
                "paper_title": "Pynerf: Pyramidal neural radiance fields",
                "publication_year": "2024",
                "citation_count": 4
            },
            {
                "related_papers": [],
                "cited_papers": [],
                "paper_url": "https://dl.acm.org/doi/abs/10.1145/3610548.3618197",
                "paper_title": "Anti-aliased neural implicit surfaces with encoding level of detail",
                "publication_year": "2023",
                "citation_count": 12
            },
            {
                "related_papers": [],
                "cited_papers": [],
                "paper_url": "https://arxiv.org/abs/2304.08757",
                "paper_title": "NeAI: A Pre-convoluted Representation for Plug-and-Play Neural Ambient Illumination",
                "publication_year": "2023",
                "citation_count": 6
            },
            {
                "related_papers": [],
                "cited_papers": [],
                "paper_url": "https://3dvar.com/Li2024Advances.pdf",
                "paper_title": "Advances in 3D Generation: A Survey",
                "publication_year": "2401",
                "citation_count": 1
            },
            {
                "related_papers": [],
                "cited_papers": [],
                "paper_url": "https://arxiv.org/abs/2405.01333",
                "paper_title": "NeRF in Robotics: A Survey",
                "publication_year": "2024",
                "citation_count": 1
            },
            {
                "related_papers": [],
                "cited_papers": [],
                "paper_url": "https://arxiv.org/abs/2401.17807",
                "paper_title": "Advances in 3D Generation: A Survey",
                "publication_year": "2024",
                "citation_count": 3
            },
            {
                "related_papers": [],
                "cited_papers": [],
                "paper_url": "https://ojs.aaai.org/index.php/AAAI/article/view/28618",
                "paper_title": "A Pre-convolved Representation for Plug-and-Play Neural Illumination Fields",
                "publication_year": "2024",
                "citation_count": null
            },
            {
                "related_papers": [],
                "cited_papers": [],
                "paper_url": "https://arxiv.org/abs/2308.13897",
                "paper_title": "InsertNeRF: Instilling Generalizability into NeRF with HyperNet Modules",
                "publication_year": "2308",
                "citation_count": 2
            },
            {
                "related_papers": [],
                "cited_papers": [],
                "paper_url": "https://arxiv.org/abs/2309.12642",
                "paper_title": "RHINO: Regularizing the Hash-based Implicit Neural Representation",
                "publication_year": "2309",
                "citation_count": 2
            },
            {
                "related_papers": [],
                "cited_papers": [],
                "paper_url": "https://arxiv.org/abs/2311.11845",
                "paper_title": "Entangled View-Epipolar Information Aggregation for Generalizable Neural Radiance Fields",
                "publication_year": "2311",
                "citation_count": 2
            }
        ],
        "paper_url": "http://openaccess.thecvf.com/content/CVPR2023/html/Huang_Local_Implicit_Ray_Function_for_Generalizable_Radiance_Field_Representation_CVPR_2023_paper.html",
        "paper_title": "Local implicit ray function for generalizable radiance field representation",
        "publication_year": "2023",
        "citation_count": 18
    },
    {
        "related_papers": [],
        "cited_papers": [
            {
                "related_papers": [],
                "cited_papers": [],
                "paper_url": "https://onlinelibrary.wiley.com/doi/abs/10.1111/j.1467-8659.2012.02093.x",
                "paper_title": "The state of the art in interactive global illumination",
                "publication_year": "2012",
                "citation_count": 231
            },
            {
                "related_papers": [],
                "cited_papers": [],
                "paper_url": "http://openaccess.thecvf.com/content/CVPR2023/html/Levy_SeaThru-NeRF_Neural_Radiance_Fields_in_Scattering_Media_CVPR_2023_paper.html",
                "paper_title": "Seathru-nerf: Neural radiance fields in scattering media",
                "publication_year": "2023",
                "citation_count": 19
            },
            {
                "related_papers": [],
                "cited_papers": [],
                "paper_url": "https://www.taylorfrancis.com/books/mono/10.1201/9781315365459/real-time-rendering-tomas-akenine-mo%CC%88ller-eric-haines-naty-hoffman",
                "paper_title": "Real-time rendering",
                "publication_year": "2019",
                "citation_count": 3172
            },
            {
                "related_papers": [],
                "cited_papers": [],
                "paper_url": "https://ieeexplore.ieee.org/abstract/document/4483798/",
                "paper_title": "Active polarization descattering",
                "publication_year": "2008",
                "citation_count": 485
            },
            {
                "related_papers": [],
                "cited_papers": [],
                "paper_url": "https://dl.acm.org/doi/abs/10.1145/1179352.1141986",
                "paper_title": "Acquiring scattering properties of participating media by dilution",
                "publication_year": "2006",
                "citation_count": 212
            },
            {
                "related_papers": [],
                "cited_papers": [],
                "paper_url": "https://dl.acm.org/doi/abs/10.1145/1179352.1141997",
                "paper_title": "Multidimensional lightcuts",
                "publication_year": "2006",
                "citation_count": 225
            },
            {
                "related_papers": [],
                "cited_papers": [],
                "paper_url": "https://dl.acm.org/doi/abs/10.1145/1899404.1899409",
                "paper_title": "A comprehensive theory of volumetric radiance estimation using photon points and beams",
                "publication_year": "2011",
                "citation_count": 180
            },
            {
                "related_papers": [],
                "cited_papers": [],
                "paper_url": "https://dl.acm.org/doi/abs/10.1145/1833349.1778790",
                "paper_title": "A radiative transfer framework for rendering materials with anisotropic structure",
                "publication_year": "2010",
                "citation_count": 161
            },
            {
                "related_papers": [],
                "cited_papers": [],
                "paper_url": "http://openaccess.thecvf.com/content_iccv_2015/html/Murez_Photometric_Stereo_in_ICCV_2015_paper.html",
                "paper_title": "Photometric stereo in a scattering medium",
                "publication_year": "2015",
                "citation_count": 104
            },
            {
                "related_papers": [],
                "cited_papers": [],
                "paper_url": "https://books.google.com/books?hl=zh-CN&lr=&id=GzA-Hi0_680C&oi=fnd&pg=PP1&ots=Sexpp5peMg&sig=Id7trgak8wNfYBXSTIKHaR0XNvE",
                "paper_title": "Real-time shadows",
                "publication_year": "2011",
                "citation_count": 144
            }
        ],
        "paper_url": "https://dl.acm.org/doi/abs/10.1145/1073204.1073309",
        "paper_title": "A practical analytic single scattering model for real time rendering",
        "publication_year": "2005",
        "citation_count": 210
    },
    {
        "related_papers": [],
        "cited_papers": [
            {
                "related_papers": [],
                "cited_papers": [],
                "paper_url": "https://dl.acm.org/doi/abs/10.1145/3592426",
                "paper_title": "Merf: Memory-efficient radiance fields for real-time view synthesis in unbounded scenes",
                "publication_year": "2023",
                "citation_count": 94
            },
            {
                "related_papers": [],
                "cited_papers": [],
                "paper_url": "https://ieeexplore.ieee.org/abstract/document/10049689/",
                "paper_title": "Nerfplayer: A streamable dynamic scene representation with decomposed neural radiance fields",
                "publication_year": "2023",
                "citation_count": 105
            },
            {
                "related_papers": [],
                "cited_papers": [],
                "paper_url": "http://openaccess.thecvf.com/content/CVPR2023/html/Attal_HyperReel_High-Fidelity_6-DoF_Video_With_Ray-Conditioned_Sampling_CVPR_2023_paper.html",
                "paper_title": "HyperReel: High-fidelity 6-DoF video with ray-conditioned sampling",
                "publication_year": "2023",
                "citation_count": 52
            },
            {
                "related_papers": [],
                "cited_papers": [],
                "paper_url": "http://openaccess.thecvf.com/content/ICCV2023/html/Mirzaei_Reference-guided_Controllable_Inpainting_of_Neural_Radiance_Fields_ICCV_2023_paper.html",
                "paper_title": "Reference-guided controllable inpainting of neural radiance fields",
                "publication_year": "2023",
                "citation_count": 16
            },
            {
                "related_papers": [],
                "cited_papers": [],
                "paper_url": "http://openaccess.thecvf.com/content/CVPR2023/html/Wan_Learning_Neural_Duplex_Radiance_Fields_for_Real-Time_View_Synthesis_CVPR_2023_paper.html",
                "paper_title": "Learning neural duplex radiance fields for real-time view synthesis",
                "publication_year": "2023",
                "citation_count": 16
            },
            {
                "related_papers": [],
                "cited_papers": [],
                "paper_url": "http://openaccess.thecvf.com/content/CVPR2023/html/Zhou_NeRFLix_High-Quality_Neural_View_Synthesis_by_Learning_a_Degradation-Driven_Inter-Viewpoint_CVPR_2023_paper.html",
                "paper_title": "NeRFLix: High-quality neural view synthesis by learning a degradation-driven inter-viewpoint mixer",
                "publication_year": "2023",
                "citation_count": 12
            },
            {
                "related_papers": [],
                "cited_papers": [],
                "paper_url": "http://openaccess.thecvf.com/content/ICCV2023/html/Cao_SceneRF_Self-Supervised_Monocular_3D_Scene_Reconstruction_with_Radiance_Fields_ICCV_2023_paper.html",
                "paper_title": "Scenerf: Self-supervised monocular 3d scene reconstruction with radiance fields",
                "publication_year": "2023",
                "citation_count": 19
            },
            {
                "related_papers": [],
                "cited_papers": [],
                "paper_url": "http://openaccess.thecvf.com/content/ICCV2023/html/Zheng_Multi-task_View_Synthesis_with_Neural_Radiance_Fields_ICCV_2023_paper.html",
                "paper_title": "Multi-task View Synthesis with Neural Radiance Fields",
                "publication_year": "2023",
                "citation_count": 3
            },
            {
                "related_papers": [],
                "cited_papers": [],
                "paper_url": "http://openaccess.thecvf.com/content/ICCV2023/html/Xie_HollowNeRF_Pruning_Hashgrid-Based_NeRFs_with_Trainable_Collision_Mitigation_ICCV_2023_paper.html",
                "paper_title": "Hollownerf: Pruning hashgrid-based nerfs with trainable collision mitigation",
                "publication_year": "2023",
                "citation_count": 7
            },
            {
                "related_papers": [],
                "cited_papers": [],
                "paper_url": "https://arxiv.org/abs/2308.08947",
                "paper_title": "Watch your steps: Local image and scene editing by text instructions",
                "publication_year": "2023",
                "citation_count": 9
            }
        ],
        "paper_url": "https://link.springer.com/chapter/10.1007/978-3-031-19790-1_16",
        "paper_title": "Adanerf: Adaptive sampling for real-time rendering of neural radiance fields",
        "publication_year": "2022",
        "citation_count": 56
    }
]